<?xml version="1.0" encoding="utf-8"?>
<extension version="2.5" type="plugin" group="system" method="upgrade">
    <name>PLG_SYSTEM_LANGUAGEDOMAINS</name>
    <author>Yireo</author>
    <creationDate>November 2012</creationDate>
	<copyright>Copyright (C) 2012 Yireo.com. All rights reserved.</copyright>
    <license>http://www.gnu.org/copyleft/gpl.html GNU/GPL</license>
    <authorEmail>development@yireo.com</authorEmail>
    <authorUrl>http://www.yireo.com/</authorUrl>
    <version>1.0.3</version>
    <description>PLG_SYSTEM_LANGUAGEDOMAINS_DESC</description>
    
    <files>
        <filename plugin="languagedomains">languagedomains.php</filename>
        <filename>index.html</filename>
    </files>

    <languages>
        <language tag="en-GB">en-GB.plg_system_languagedomains.ini</language>
    </languages>
    
    <config>
	    <fields name="params">
            <fieldset name="basic">
                <field name="bindings" type="textarea" rows="20" 
                    label="PLG_SYSTEM_LANGUAGEDOMAINS_FIELD_BINDINGS_LABEL" 
                    description="PLG_SYSTEM_LANGUAGEDOMAINS_FIELD_BINDINGS_DESC" />
				<field name="menu_associations" type="radio"
                    description="PLG_SYSTEM_LANGUAGEFILTER_FIELD_MENU_ASSOCIATIONS_DESC"
					label="PLG_SYSTEM_LANGUAGEFILTER_FIELD_MENU_ASSOCIATIONS_LABEL"
					default="0"
				>
					<option value="0">JNO</option>
					<option value="1">JYES</option>
				</field>
				<field name="alternate_meta" type="radio"
					description="PLG_SYSTEM_LANGUAGEFILTER_FIELD_ALTERNATE_META_DESC"
					label="PLG_SYSTEM_LANGUAGEFILTER_FIELD_ALTERNATE_META_LABEL"
					default="0"
				>
					<option value="0">JNO</option>
					<option value="1">JYES</option>
				</field>
	        </fieldset>
        </fields>
    </config>
</extension>
