<?xml version="1.0" encoding="utf-8"?>
<extension version="2.5" type="plugin" group="system" method="upgrade">
    <name>PLG_SYSTEM_LANGUAGEDOMAINS</name>
    <author>Yireo</author>
    <creationDate>October 2012</creationDate>
	<copyright>Copyright (C) 2012 Yireo.com. All rights reserved.</copyright>
    <license>http://www.gnu.org/copyleft/gpl.html GNU/GPL</license>
    <authorEmail>development@yireo.com</authorEmail>
    <authorUrl>http://www.yireo.com/</authorUrl>
    <version>1.0.1</version>
    <description>PLG_SYSTEM_LANGUAGEDOMAINS_DESC</description>
    
    <files>
        <filename plugin="languagedomains">languagedomains.php</filename>
    </files>

    <languages>
        <language tag="en-GB">en-GB.plg_system_languagedomains.ini</language>
        <language tag="en-GB">en-GB.plg_system_languagedomains.sys.ini</language>
    </languages>
    
    <config>
	    <fields name="params">
            <fieldset name="basic">
                <field name="bindings" type="textarea" cols="50" rows="10" label="PLG_SYSTEM_LANGUAGEDOMAINS_FIELD_BINDINGS_LABEL" description="PLG_SYSTEM_LANGUAGEDOMAINS_FIELD_BINDINGS_DESC" />
	        </fieldset>
        </fields>
    </config>
</extension>
